6cd49c82-c8a0-434d-be24-6e50cb9233e4,marking-717,919618e8-2a62-4522-ac17-7ee90e592508,MANEUVER,EventName-717,CONFIRMED,2015-08-14 10:11:35,2015-08-14 10:11:35,event description-717,1,notes-717,PostingId-717,2015-08-14 10:11:35,UpdateOrgin-717,2015-08-14 10:11:35,CreateOrgin-717,11
bbb96613-c728-4148-af5c-35a4bf745266,marking-718,e34598e5-7b5f-40e8-9f0d-1ae60278d004,MANEUVER,EventName-718,CONFIRMED,2015-08-14 10:11:35,2015-08-14 10:11:35,event description-718,1,notes-718,PostingId-718,2015-08-14 10:11:35,UpdateOrgin-718,2015-08-14 10:11:35,CreateOrgin-718,11
45eb7bfb-1472-4c51-9197-8c0e00c84af9,marking-719,cf6b9f4b-3f92-4d31-b994-2b05805d8d62,MANEUVER,EventName-719,CONFIRMED,2015-08-14 10:11:35,2015-08-14 10:11:35,event description-719,1,notes-719,PostingId-719,2015-08-14 10:11:35,UpdateOrgin-719,2015-08-14 10:11:35,CreateOrgin-719,11
232fa3b1-efe4-463a-8101-0729306200e2,marking-720,cd57924f-1355-4f9d-b9b5-3436cdd3c3b4,MANEUVER,EventName-720,CONFIRMED,2015-08-14 10:11:35,2015-08-14 10:11:35,event description-720,1,notes-720,PostingId-720,2015-08-14 10:11:35,UpdateOrgin-720,2015-08-14 10:11:35,CreateOrgin-720,11
da6d319b-cf88-4050-b437-9e518726c1b4,marking-721,65acfa08-d75a-4ddc-94b9-a272d9d63e8b,MANEUVER,EventName-721,CONFIRMED,2015-08-14 10:11:35,2015-08-14 10:11:35,event description-721,1,notes-721,PostingId-721,2015-08-14 10:11:35,UpdateOrgin-721,2015-08-14 10:11:35,CreateOrgin-721,11
cb0b2f68-146b-4cd1-9b20-198ba0b28fec,marking-722,4d7540c0-1e01-4560-8532-5ff6d211f052,MANEUVER,EventName-722,CONFIRMED,2015-08-14 10:11:35,2015-08-14 10:11:35,event description-722,1,notes-722,PostingId-722,2015-08-14 10:11:35,UpdateOrgin-722,2015-08-14 10:11:35,CreateOrgin-722,11
0dc5d51a-0b94-43d6-be9d-a33399a9f2b6,marking-723,02767655-1753-443f-a7fa-c8bb1f18e9f6,MANEUVER,EventName-723,CONFIRMED,2015-08-14 10:11:35,2015-08-14 10:11:35,event description-723,1,notes-723,PostingId-723,2015-08-14 10:11:35,UpdateOrgin-723,2015-08-14 10:11:35,CreateOrgin-723,11
5cc8209f-72f6-45e1-8b5f-9e7b9c1da189,marking-724,faa8dd2b-83e2-4628-803d-d0cff638a3e2,MANEUVER,EventName-724,CONFIRMED,2015-08-14 10:11:35,2015-08-14 10:11:35,event description-724,1,notes-724,PostingId-724,2015-08-14 10:11:35,UpdateOrgin-724,2015-08-14 10:11:35,CreateOrgin-724,11
384ee081-2b5a-417c-93ad-e435f2136345,marking-725,350acb73-6b3b-41bc-b14f-3be69d1450b0,MANEUVER,EventName-725,CONFIRMED,2015-08-14 10:11:35,2015-08-14 10:11:35,event description-725,1,notes-725,PostingId-725,2015-08-14 10:11:35,UpdateOrgin-725,2015-08-14 10:11:35,CreateOrgin-725,11
9726adc7-557e-45c3-9d39-1c8f8ecc45b8,marking-726,bc91b27b-5303-4dd0-9bfa-eca65fc078cb,MANEUVER,EventName-726,CONFIRMED,2015-08-14 10:11:35,2015-08-14 10:11:35,event description-726,1,notes-726,PostingId-726,2015-08-14 10:11:35,UpdateOrgin-726,2015-08-14 10:11:35,CreateOrgin-726,11
611b003f-c508-4446-ac96-02330d151f70,marking-727,3a9e85d5-e2b9-4c7c-97d5-e93a6cd63ce7,MANEUVER,EventName-727,CONFIRMED,2015-08-14 10:11:35,2015-08-14 10:11:35,event description-727,1,notes-727,PostingId-727,2015-08-14 10:11:35,UpdateOrgin-727,2015-08-14 10:11:35,CreateOrgin-727,11
a932d0f0-8cb5-4c56-9e46-bf0d2604e23f,marking-728,04d41e31-dafa-4c19-b154-32708c3a18b0,MANEUVER,EventName-728,CONFIRMED,2015-08-14 10:11:35,2015-08-14 10:11:35,event description-728,1,notes-728,PostingId-728,2015-08-14 10:11:35,UpdateOrgin-728,2015-08-14 10:11:35,CreateOrgin-728,11
435fe7be-36a8-41ac-a04f-4f04515d4984,marking-729,98a6a71f-4c63-4a02-8595-79da9fc253e2,MANEUVER,EventName-729,CONFIRMED,2015-08-14 10:11:35,2015-08-14 10:11:35,event description-729,1,notes-729,PostingId-729,2015-08-14 10:11:35,UpdateOrgin-729,2015-08-14 10:11:35,CreateOrgin-729,11
ab0fb8f6-e706-46ee-b360-c8f7b3a1b33b,marking-730,414e54f3-39e1-4c73-b9d0-6f28f53b2ddf,MANEUVER,EventName-730,CONFIRMED,2015-08-14 10:11:35,2015-08-14 10:11:35,event description-730,1,notes-730,PostingId-730,2015-08-14 10:11:35,UpdateOrgin-730,2015-08-14 10:11:35,CreateOrgin-730,11
149641df-947a-4a36-86f5-2834559966f8,marking-731,12032e19-49dc-4942-bc70-2bbeaf8e069e,MANEUVER,EventName-731,CONFIRMED,2015-08-14 10:11:35,2015-08-14 10:11:35,event description-731,1,notes-731,PostingId-731,2015-08-14 10:11:35,UpdateOrgin-731,2015-08-14 10:11:35,CreateOrgin-731,11
d4c8fad0-e595-4e41-8762-0daa25d0e440,marking-732,787af8a4-f044-458f-987c-c0a4271aa977,MANEUVER,EventName-732,CONFIRMED,2015-08-14 10:11:35,2015-08-14 10:11:35,event description-732,1,notes-732,PostingId-732,2015-08-14 10:11:35,UpdateOrgin-732,2015-08-14 10:11:35,CreateOrgin-732,11
ca3798eb-a133-48aa-8b78-861dff2b5398,marking-733,b7debf4e-a672-4de1-bc5a-ebf1ccdd47d9,MANEUVER,EventName-733,CONFIRMED,2015-08-14 10:11:35,2015-08-14 10:11:35,event description-733,1,notes-733,PostingId-733,2015-08-14 10:11:35,UpdateOrgin-733,2015-08-14 10:11:35,CreateOrgin-733,11
1aa19d3b-59a4-429e-8da0-c29816a8e1ae,marking-734,3080661c-c333-446f-9f78-69cd8d1e185f,MANEUVER,EventName-734,CONFIRMED,2015-08-14 10:11:35,2015-08-14 10:11:35,event description-734,1,notes-734,PostingId-734,2015-08-14 10:11:35,UpdateOrgin-734,2015-08-14 10:11:35,CreateOrgin-734,11
1174ba61-6fdd-4ce6-b3be-2a26c15caa70,marking-735,70ccb677-a3e0-4d08-a09e-ee73e2627535,MANEUVER,EventName-735,CONFIRMED,2015-08-14 10:11:35,2015-08-14 10:11:35,event description-735,1,notes-735,PostingId-735,2015-08-14 10:11:35,UpdateOrgin-735,2015-08-14 10:11:35,CreateOrgin-735,11
536f9789-4054-43a1-9bfe-03b1ff65b8a4,marking-736,5fbf5a87-7bd1-4e52-940a-0d7a6a82c6c5,MANEUVER,EventName-736,CONFIRMED,2015-08-14 10:11:35,2015-08-14 10:11:35,event description-736,1,notes-736,PostingId-736,2015-08-14 10:11:35,UpdateOrgin-736,2015-08-14 10:11:35,CreateOrgin-736,11
dd85bacb-e61d-48fe-afa4-6fbb5df30afc,marking-737,010d4572-0c68-43e8-88f1-d6c934fe76f3,MANEUVER,EventName-737,CONFIRMED,2015-08-14 10:11:35,2015-08-14 10:11:35,event description-737,1,notes-737,PostingId-737,2015-08-14 10:11:35,UpdateOrgin-737,2015-08-14 10:11:35,CreateOrgin-737,11
8d898f73-a8de-4462-9c61-1d7fb979ecc9,marking-738,cb2bb8cf-cf12-463c-880c-637c09573655,MANEUVER,EventName-738,CONFIRMED,2015-08-14 10:11:35,2015-08-14 10:11:35,event description-738,1,notes-738,PostingId-738,2015-08-14 10:11:35,UpdateOrgin-738,2015-08-14 10:11:35,CreateOrgin-738,11
d46e5510-b304-4e63-8ca5-f759524f1479,marking-739,3be7632e-b14c-4d9a-9e75-363f465352f3,MANEUVER,EventName-739,CONFIRMED,2015-08-14 10:11:35,2015-08-14 10:11:35,event description-739,1,notes-739,PostingId-739,2015-08-14 10:11:35,UpdateOrgin-739,2015-08-14 10:11:35,CreateOrgin-739,11
8223c1b5-6f57-46a3-8245-8989d93d6be1,marking-740,99af1c3d-b3e0-45ce-8206-0c9f8aaf97ce,MANEUVER,EventName-740,CONFIRMED,2015-08-14 10:11:35,2015-08-14 10:11:35,event description-740,1,notes-740,PostingId-740,2015-08-14 10:11:35,UpdateOrgin-740,2015-08-14 10:11:35,CreateOrgin-740,11
c600fcc5-e2ab-4ecd-b573-d9f1d941366a,marking-741,6a011bb6-51d1-4d96-8c4f-a0ac65dce8f6,MANEUVER,EventName-741,CONFIRMED,2015-08-14 10:11:35,2015-08-14 10:11:35,event description-741,1,notes-741,PostingId-741,2015-08-14 10:11:35,UpdateOrgin-741,2015-08-14 10:11:35,CreateOrgin-741,11
1e319a0c-3c67-4d43-b407-c4a70466c789,marking-742,8aa4d98d-afda-4326-93c2-df03a8b96010,MANEUVER,EventName-742,CONFIRMED,2015-08-14 10:11:35,2015-08-14 10:11:35,event description-742,1,notes-742,PostingId-742,2015-08-14 10:11:35,UpdateOrgin-742,2015-08-14 10:11:35,CreateOrgin-742,11
35ddfb91-69b5-4dcf-bbf9-1bd1c252ff29,marking-743,f5d71300-3af9-4717-8c40-3a7c7439f960,MANEUVER,EventName-743,CONFIRMED,2015-08-14 10:11:35,2015-08-14 10:11:35,event description-743,1,notes-743,PostingId-743,2015-08-14 10:11:35,UpdateOrgin-743,2015-08-14 10:11:35,CreateOrgin-743,11
0e04168f-4107-4337-aca2-d346dcae0882,marking-744,f3827d6d-2d4d-4b6b-b106-5511c1c45530,MANEUVER,EventName-744,CONFIRMED,2015-08-14 10:11:35,2015-08-14 10:11:35,event description-744,1,notes-744,PostingId-744,2015-08-14 10:11:35,UpdateOrgin-744,2015-08-14 10:11:35,CreateOrgin-744,11
610f531a-0ce7-4547-964f-a62c50e9427b,marking-745,dbb2a83e-8328-4059-9c4e-5c3cd57be402,MANEUVER,EventName-745,CONFIRMED,2015-08-14 10:11:35,2015-08-14 10:11:35,event description-745,1,notes-745,PostingId-745,2015-08-14 10:11:35,UpdateOrgin-745,2015-08-14 10:11:35,CreateOrgin-745,11
78728066-175d-48a6-9530-97bf5aa5b433,marking-746,c3795e1d-166b-4cce-9d9f-79c4ea681961,MANEUVER,EventName-746,CONFIRMED,2015-08-14 10:11:35,2015-08-14 10:11:35,event description-746,1,notes-746,PostingId-746,2015-08-14 10:11:35,UpdateOrgin-746,2015-08-14 10:11:35,CreateOrgin-746,11
0710f167-fd58-4648-be19-e703de1afa28,marking-747,2ad7570c-637f-4527-b0fa-fb1116d1258a,MANEUVER,EventName-747,CONFIRMED,2015-08-14 10:11:35,2015-08-14 10:11:35,event description-747,1,notes-747,PostingId-747,2015-08-14 10:11:35,UpdateOrgin-747,2015-08-14 10:11:35,CreateOrgin-747,11
0343202e-02b7-4be6-b69f-f4ca9b6f6ce3,marking-748,496e930a-3b46-45ba-8a97-c1a8ccd64ab3,MANEUVER,EventName-748,CONFIRMED,2015-08-14 10:11:35,2015-08-14 10:11:35,event description-748,1,notes-748,PostingId-748,2015-08-14 10:11:35,UpdateOrgin-748,2015-08-14 10:11:35,CreateOrgin-748,11
d13208e0-294b-49e9-9992-24bbbeb61355,marking-749,5dac243f-7b24-4adc-80f1-32fd9f5b5c8a,MANEUVER,EventName-749,CONFIRMED,2015-08-14 10:11:35,2015-08-14 10:11:35,event description-749,1,notes-749,PostingId-749,2015-08-14 10:11:35,UpdateOrgin-749,2015-08-14 10:11:35,CreateOrgin-749,11
dd5a308a-22b6-4f25-8a7d-5db4b711f2fa,marking-750,cbb0d606-db18-4091-8cf4-93d0b7dc7305,MANEUVER,EventName-750,CONFIRMED,2015-08-14 10:11:35,2015-08-14 10:11:35,event description-750,1,notes-750,PostingId-750,2015-08-14 10:11:35,UpdateOrgin-750,2015-08-14 10:11:35,CreateOrgin-750,11
ea4f8f9d-7fee-4bc5-a61d-e26259ee7a14,marking-751,40a5eaef-2d21-44a6-9cbf-702c308a1783,MANEUVER,EventName-751,CONFIRMED,2015-08-14 10:11:35,2015-08-14 10:11:35,event description-751,1,notes-751,PostingId-751,2015-08-14 10:11:35,UpdateOrgin-751,2015-08-14 10:11:35,CreateOrgin-751,11
4d4630de-ca1a-48f2-83dc-7c3bcd807e08,marking-752,5e871f25-52b9-43a7-a286-026f19c156bf,MANEUVER,EventName-752,CONFIRMED,2015-08-14 10:11:35,2015-08-14 10:11:35,event description-752,1,notes-752,PostingId-752,2015-08-14 10:11:35,UpdateOrgin-752,2015-08-14 10:11:35,CreateOrgin-752,11
62eb5218-f325-445d-b904-59e411f7050a,marking-753,49797f36-5366-4a69-aa4d-b5e9960089e9,MANEUVER,EventName-753,CONFIRMED,2015-08-14 10:11:35,2015-08-14 10:11:35,event description-753,1,notes-753,PostingId-753,2015-08-14 10:11:35,UpdateOrgin-753,2015-08-14 10:11:35,CreateOrgin-753,11
90e546d2-df25-4e57-88ae-36410bf80692,marking-754,900c44a6-9d9c-46d9-8149-30c9653a818f,MANEUVER,EventName-754,CONFIRMED,2015-08-14 10:11:35,2015-08-14 10:11:35,event description-754,1,notes-754,PostingId-754,2015-08-14 10:11:35,UpdateOrgin-754,2015-08-14 10:11:35,CreateOrgin-754,11
b7fa5e80-2d80-43a4-9783-fff10c07ffea,marking-755,fcf63c37-ce37-40c3-a003-624f38a4d456,MANEUVER,EventName-755,CONFIRMED,2015-08-14 10:11:35,2015-08-14 10:11:35,event description-755,1,notes-755,PostingId-755,2015-08-14 10:11:35,UpdateOrgin-755,2015-08-14 10:11:35,CreateOrgin-755,11
5fe5a7b0-86f5-4682-9918-bc3643f36bbe,marking-756,7d87de79-86ab-49c6-b960-4b18ca9898f4,MANEUVER,EventName-756,CONFIRMED,2015-08-14 10:11:35,2015-08-14 10:11:35,event description-756,1,notes-756,PostingId-756,2015-08-14 10:11:35,UpdateOrgin-756,2015-08-14 10:11:35,CreateOrgin-756,11
0e5e4c2f-dbc9-4d17-8c8f-301511fabf77,marking-757,f0465912-d9bd-4ad7-9f82-a45c9a6360bb,MANEUVER,EventName-757,CONFIRMED,2015-08-14 10:11:35,2015-08-14 10:11:35,event description-757,1,notes-757,PostingId-757,2015-08-14 10:11:35,UpdateOrgin-757,2015-08-14 10:11:35,CreateOrgin-757,11
927f16be-e0e1-4f03-830e-75ceb62c360d,marking-758,df716a80-8fbf-4d55-96fe-6b42f2fc1e97,MANEUVER,EventName-758,CONFIRMED,2015-08-14 10:11:35,2015-08-14 10:11:35,event description-758,1,notes-758,PostingId-758,2015-08-14 10:11:35,UpdateOrgin-758,2015-08-14 10:11:35,CreateOrgin-758,11
d231f223-4942-4712-af53-ad2316959127,marking-759,3141fd07-b127-4ccf-b6a8-4c9c5592dea9,MANEUVER,EventName-759,CONFIRMED,2015-08-14 10:11:35,2015-08-14 10:11:35,event description-759,1,notes-759,PostingId-759,2015-08-14 10:11:35,UpdateOrgin-759,2015-08-14 10:11:35,CreateOrgin-759,11
e20b6bcc-3d4e-4997-879f-e80bacef685a,marking-760,1bd28168-17f6-4675-b5ec-53d01cede87a,MANEUVER,EventName-760,CONFIRMED,2015-08-14 10:11:35,2015-08-14 10:11:35,event description-760,1,notes-760,PostingId-760,2015-08-14 10:11:35,UpdateOrgin-760,2015-08-14 10:11:35,CreateOrgin-760,11
8fc596cb-0728-429e-a2cc-6322e18892ba,marking-761,11e1e986-7c23-400b-ba7e-5a27f357c443,MANEUVER,EventName-761,CONFIRMED,2015-08-14 10:11:35,2015-08-14 10:11:35,event description-761,1,notes-761,PostingId-761,2015-08-14 10:11:35,UpdateOrgin-761,2015-08-14 10:11:35,CreateOrgin-761,11
edc22143-fa32-4bdc-908d-bc2316d3f253,marking-762,8d9f005d-7e69-4d22-be01-7f96346e1548,MANEUVER,EventName-762,CONFIRMED,2015-08-14 10:11:35,2015-08-14 10:11:35,event description-762,1,notes-762,PostingId-762,2015-08-14 10:11:35,UpdateOrgin-762,2015-08-14 10:11:35,CreateOrgin-762,11
93722818-a27d-4d54-8508-2dce119099f6,marking-763,194f63a3-a5fc-4531-92ca-fdaf4994629e,MANEUVER,EventName-763,CONFIRMED,2015-08-14 10:11:35,2015-08-14 10:11:35,event description-763,1,notes-763,PostingId-763,2015-08-14 10:11:35,UpdateOrgin-763,2015-08-14 10:11:35,CreateOrgin-763,11
318de61d-b7dc-48ec-ab90-471a5c7756f9,marking-764,11cff369-56d4-4124-a9fa-5c0f19484202,MANEUVER,EventName-764,CONFIRMED,2015-08-14 10:11:35,2015-08-14 10:11:35,event description-764,1,notes-764,PostingId-764,2015-08-14 10:11:35,UpdateOrgin-764,2015-08-14 10:11:35,CreateOrgin-764,11
ccdf2c67-c991-40be-878d-f60b76a4fda6,marking-765,df119684-2ccd-4cf3-adc7-797f37d9aec5,MANEUVER,EventName-765,CONFIRMED,2015-08-14 10:11:35,2015-08-14 10:11:35,event description-765,1,notes-765,PostingId-765,2015-08-14 10:11:35,UpdateOrgin-765,2015-08-14 10:11:35,CreateOrgin-765,11
f6ea93a7-c1c6-49d5-be15-a6d996d4a2a3,marking-766,cea60421-89fe-4316-857d-c17facb46adf,MANEUVER,EventName-766,CONFIRMED,2015-08-14 10:11:35,2015-08-14 10:11:35,event description-766,1,notes-766,PostingId-766,2015-08-14 10:11:35,UpdateOrgin-766,2015-08-14 10:11:35,CreateOrgin-766,11
76c04721-6807-4b35-a221-fac41fde9408,marking-767,ef999ca5-096a-4c4c-8353-f7b728198ada,MANEUVER,EventName-767,CONFIRMED,2015-08-14 10:11:35,2015-08-14 10:11:35,event description-767,1,notes-767,PostingId-767,2015-08-14 10:11:35,UpdateOrgin-767,2015-08-14 10:11:35,CreateOrgin-767,11
4191c8a3-194a-4865-b689-934811a1703a,marking-768,d6b1dfc8-fb9b-482b-81fc-ecab7af1f93e,MANEUVER,EventName-768,CONFIRMED,2015-08-14 10:11:35,2015-08-14 10:11:35,event description-768,1,notes-768,PostingId-768,2015-08-14 10:11:35,UpdateOrgin-768,2015-08-14 10:11:35,CreateOrgin-768,11
3f107845-8f85-4aa6-96e9-2fe53d02a8ec,marking-769,b80be501-4245-4ac0-a119-f0ef37070538,MANEUVER,EventName-769,CONFIRMED,2015-08-14 10:11:35,2015-08-14 10:11:35,event description-769,1,notes-769,PostingId-769,2015-08-14 10:11:35,UpdateOrgin-769,2015-08-14 10:11:35,CreateOrgin-769,11
fce7536a-d90c-411b-adbc-1ea7d61ea1b4,marking-770,3e0b46e4-d2d7-4bd3-9459-57cb79ab9fac,MANEUVER,EventName-770,CONFIRMED,2015-08-14 10:11:35,2015-08-14 10:11:35,event description-770,1,notes-770,PostingId-770,2015-08-14 10:11:35,UpdateOrgin-770,2015-08-14 10:11:35,CreateOrgin-770,11
eb3a5eae-a629-4780-8ab6-3074357f3ab9,marking-771,c96d87eb-66e6-4123-9449-17f9f2cb88b0,MANEUVER,EventName-771,CONFIRMED,2015-08-14 10:11:35,2015-08-14 10:11:35,event description-771,1,notes-771,PostingId-771,2015-08-14 10:11:35,UpdateOrgin-771,2015-08-14 10:11:35,CreateOrgin-771,11
4236d5fd-9135-42a3-81e2-6547b97f69a6,marking-772,66e8c2a9-5825-403f-81bd-e0bf49c6c504,MANEUVER,EventName-772,CONFIRMED,2015-08-14 10:11:35,2015-08-14 10:11:35,event description-772,1,notes-772,PostingId-772,2015-08-14 10:11:35,UpdateOrgin-772,2015-08-14 10:11:35,CreateOrgin-772,11
3d291c6e-dd05-4cde-81eb-8216785a89c6,marking-773,33dd19af-a7b5-49ce-9a0a-9e6b3e17d88f,MANEUVER,EventName-773,CONFIRMED,2015-08-14 10:11:35,2015-08-14 10:11:35,event description-773,1,notes-773,PostingId-773,2015-08-14 10:11:35,UpdateOrgin-773,2015-08-14 10:11:35,CreateOrgin-773,11
e651c127-40d1-44bf-81e2-c20564d64260,marking-774,bd11f745-13f4-41d5-87f5-791b09d238bb,MANEUVER,EventName-774,CONFIRMED,2015-08-14 10:11:35,2015-08-14 10:11:35,event description-774,1,notes-774,PostingId-774,2015-08-14 10:11:35,UpdateOrgin-774,2015-08-14 10:11:35,CreateOrgin-774,11
0ae88656-61f8-4404-8888-19031fcedd81,marking-775,736b6885-4443-46ca-8a19-2c546b1fab9b,MANEUVER,EventName-775,CONFIRMED,2015-08-14 10:11:35,2015-08-14 10:11:35,event description-775,1,notes-775,PostingId-775,2015-08-14 10:11:35,UpdateOrgin-775,2015-08-14 10:11:35,CreateOrgin-775,11
2aecc91b-2276-49c1-aa2b-1a4d1b65dde3,marking-776,ad022274-4fe0-4713-9a58-719cf2c83f8f,MANEUVER,EventName-776,CONFIRMED,2015-08-14 10:11:35,2015-08-14 10:11:35,event description-776,1,notes-776,PostingId-776,2015-08-14 10:11:35,UpdateOrgin-776,2015-08-14 10:11:35,CreateOrgin-776,11
e4137240-ff6d-48c3-bc61-1f96a92efa30,marking-777,b7c30512-49be-407b-a601-1253ed8c8dca,MANEUVER,EventName-777,CONFIRMED,2015-08-14 10:11:35,2015-08-14 10:11:35,event description-777,1,notes-777,PostingId-777,2015-08-14 10:11:35,UpdateOrgin-777,2015-08-14 10:11:35,CreateOrgin-777,11
d2295eec-1544-4968-be0a-003f08f84a44,marking-778,1a2d055c-b2d0-41c6-97e3-aaf3ad69d257,MANEUVER,EventName-778,CONFIRMED,2015-08-14 10:11:35,2015-08-14 10:11:35,event description-778,1,notes-778,PostingId-778,2015-08-14 10:11:35,UpdateOrgin-778,2015-08-14 10:11:35,CreateOrgin-778,11
69a3674a-7afb-4d82-8e9e-03a5fd186ced,marking-779,790b2fc8-7b50-4d01-a532-14f293b5e821,MANEUVER,EventName-779,CONFIRMED,2015-08-14 10:11:35,2015-08-14 10:11:35,event description-779,1,notes-779,PostingId-779,2015-08-14 10:11:35,UpdateOrgin-779,2015-08-14 10:11:35,CreateOrgin-779,11
5e70b2cb-184a-44ef-806f-60350dd5d0f7,marking-780,66c36ffe-aad0-4d91-b967-d8d6e12c925e,MANEUVER,EventName-780,CONFIRMED,2015-08-14 10:11:35,2015-08-14 10:11:35,event description-780,1,notes-780,PostingId-780,2015-08-14 10:11:35,UpdateOrgin-780,2015-08-14 10:11:35,CreateOrgin-780,11
f6d98e72-e208-404e-b354-e9dfa0603315,marking-781,318a98af-cfc8-4256-aeca-81aa2fd7fde2,MANEUVER,EventName-781,CONFIRMED,2015-08-14 10:11:35,2015-08-14 10:11:35,event description-781,1,notes-781,PostingId-781,2015-08-14 10:11:35,UpdateOrgin-781,2015-08-14 10:11:35,CreateOrgin-781,11
e81a42a5-0289-4323-9f32-3f6a12df08a7,marking-782,41c3e90b-9af9-4dfa-a3d9-898134e37a68,MANEUVER,EventName-782,CONFIRMED,2015-08-14 10:11:35,2015-08-14 10:11:35,event description-782,1,notes-782,PostingId-782,2015-08-14 10:11:35,UpdateOrgin-782,2015-08-14 10:11:35,CreateOrgin-782,11
2b4079a5-dbcc-459b-a906-0a3e63a4d7fa,marking-783,e466eeea-ef48-43d2-8ec0-cf0671cb2221,MANEUVER,EventName-783,CONFIRMED,2015-08-14 10:11:35,2015-08-14 10:11:35,event description-783,1,notes-783,PostingId-783,2015-08-14 10:11:35,UpdateOrgin-783,2015-08-14 10:11:35,CreateOrgin-783,11
463220a5-2797-443b-9d7a-ee0502c7bb93,marking-784,96a67a39-81d3-4a8f-a487-e46000ae2919,MANEUVER,EventName-784,CONFIRMED,2015-08-14 10:11:35,2015-08-14 10:11:35,event description-784,1,notes-784,PostingId-784,2015-08-14 10:11:35,UpdateOrgin-784,2015-08-14 10:11:35,CreateOrgin-784,11
14b64cce-1441-457e-8e72-693d8a58db4d,marking-785,9996aab3-3d0a-4e7a-a07e-be72340d28a0,MANEUVER,EventName-785,CONFIRMED,2015-08-14 10:11:35,2015-08-14 10:11:35,event description-785,1,notes-785,PostingId-785,2015-08-14 10:11:35,UpdateOrgin-785,2015-08-14 10:11:35,CreateOrgin-785,11
7cc74230-c5b3-41ff-bafd-dc8c496c468d,marking-786,c48b57b4-67a7-4c15-94a9-595fb4be35cf,MANEUVER,EventName-786,CONFIRMED,2015-08-14 10:11:35,2015-08-14 10:11:35,event description-786,1,notes-786,PostingId-786,2015-08-14 10:11:35,UpdateOrgin-786,2015-08-14 10:11:35,CreateOrgin-786,11
9f05b9cc-cfa8-4b6f-b807-965cfd88e3f6,marking-787,aab14821-fdc8-4be8-a580-4cfa1c0b7f0f,MANEUVER,EventName-787,CONFIRMED,2015-08-14 10:11:35,2015-08-14 10:11:35,event description-787,1,notes-787,PostingId-787,2015-08-14 10:11:35,UpdateOrgin-787,2015-08-14 10:11:35,CreateOrgin-787,11
55d16a09-dfc6-496c-a717-14c4c925f0e5,marking-788,af824fef-3d11-40ed-adbb-35736308cb70,MANEUVER,EventName-788,CONFIRMED,2015-08-14 10:11:35,2015-08-14 10:11:35,event description-788,1,notes-788,PostingId-788,2015-08-14 10:11:35,UpdateOrgin-788,2015-08-14 10:11:35,CreateOrgin-788,11
68843e67-7227-4bbe-8138-cc6ee3dac5ea,marking-789,cfa660c1-a5bf-45a7-967d-02aa10ccf886,MANEUVER,EventName-789,CONFIRMED,2015-08-14 10:11:35,2015-08-14 10:11:35,event description-789,1,notes-789,PostingId-789,2015-08-14 10:11:35,UpdateOrgin-789,2015-08-14 10:11:35,CreateOrgin-789,11
c1f425e1-ba15-4067-92eb-cd8342983d18,marking-790,0cc4c170-6d34-4a1e-88f9-29546f5760c0,MANEUVER,EventName-790,CONFIRMED,2015-08-14 10:11:35,2015-08-14 10:11:35,event description-790,1,notes-790,PostingId-790,2015-08-14 10:11:35,UpdateOrgin-790,2015-08-14 10:11:35,CreateOrgin-790,11
48f18208-549e-4137-b676-c91e91469e1d,marking-791,a70e91ea-8192-4333-b737-391dd2b842fe,MANEUVER,EventName-791,CONFIRMED,2015-08-14 10:11:35,2015-08-14 10:11:35,event description-791,1,notes-791,PostingId-791,2015-08-14 10:11:35,UpdateOrgin-791,2015-08-14 10:11:35,CreateOrgin-791,11
843ec988-3781-4ff0-8a17-3a6f6f225538,marking-792,086b2a1d-10e7-4c05-b540-665d08f59ec8,MANEUVER,EventName-792,CONFIRMED,2015-08-14 10:11:35,2015-08-14 10:11:35,event description-792,1,notes-792,PostingId-792,2015-08-14 10:11:35,UpdateOrgin-792,2015-08-14 10:11:35,CreateOrgin-792,11
7d154164-db58-4345-be76-6680c4c1666b,marking-793,ec2f3a6f-1dba-45ac-89f3-c7a358dbdbc1,MANEUVER,EventName-793,CONFIRMED,2015-08-14 10:11:35,2015-08-14 10:11:35,event description-793,1,notes-793,PostingId-793,2015-08-14 10:11:35,UpdateOrgin-793,2015-08-14 10:11:35,CreateOrgin-793,11
00f520fe-a62e-4727-8a9c-3f19b9f6ed13,marking-794,a5608481-f9a0-41a3-b857-2cb3ee2b96e2,MANEUVER,EventName-794,CONFIRMED,2015-08-14 10:11:35,2015-08-14 10:11:35,event description-794,1,notes-794,PostingId-794,2015-08-14 10:11:35,UpdateOrgin-794,2015-08-14 10:11:35,CreateOrgin-794,11
5b09b710-150b-40ba-b77e-7f142b698c0f,marking-795,e2d2fc89-4c7d-4ed1-a13d-37322c53983c,MANEUVER,EventName-795,CONFIRMED,2015-08-14 10:11:35,2015-08-14 10:11:35,event description-795,1,notes-795,PostingId-795,2015-08-14 10:11:35,UpdateOrgin-795,2015-08-14 10:11:35,CreateOrgin-795,11
f20cf731-80c8-4a13-a5c1-72a902f67a7e,marking-796,bacd97be-096e-478f-af70-04e64192ab0c,MANEUVER,EventName-796,CONFIRMED,2015-08-14 10:11:35,2015-08-14 10:11:35,event description-796,1,notes-796,PostingId-796,2015-08-14 10:11:35,UpdateOrgin-796,2015-08-14 10:11:35,CreateOrgin-796,11
a779ae3b-353b-45d9-aa7d-8c4d0fc3f7f6,marking-797,1f6dbbdf-cb21-4c72-8230-4c3d50cad849,MANEUVER,EventName-797,CONFIRMED,2015-08-14 10:11:35,2015-08-14 10:11:35,event description-797,1,notes-797,PostingId-797,2015-08-14 10:11:35,UpdateOrgin-797,2015-08-14 10:11:35,CreateOrgin-797,11
10d62859-7ac1-4cab-8bf6-5dbfc8c1ebf0,marking-798,eea8e363-49a7-40be-b749-058bc6efa8c3,MANEUVER,EventName-798,CONFIRMED,2015-08-14 10:11:35,2015-08-14 10:11:35,event description-798,1,notes-798,PostingId-798,2015-08-14 10:11:35,UpdateOrgin-798,2015-08-14 10:11:35,CreateOrgin-798,11
409d514b-4f58-4ed8-b9e5-a902bbdbcbc7,marking-799,e9e001ce-50e6-4996-8317-ccea544233d7,MANEUVER,EventName-799,CONFIRMED,2015-08-14 10:11:35,2015-08-14 10:11:35,event description-799,1,notes-799,PostingId-799,2015-08-14 10:11:35,UpdateOrgin-799,2015-08-14 10:11:35,CreateOrgin-799,11
376fdca1-fef4-498b-bccb-c530d0efd9e7,marking-800,539520ec-110b-4fbc-800e-3f1cdff0e94a,MANEUVER,EventName-800,CONFIRMED,2015-08-14 10:11:35,2015-08-14 10:11:35,event description-800,1,notes-800,PostingId-800,2015-08-14 10:11:35,UpdateOrgin-800,2015-08-14 10:11:35,CreateOrgin-800,11
224ed04c-636d-4101-97b8-be82e2be117f,marking-801,e42733c0-d059-42a9-ae5b-1ca3adcf171d,MANEUVER,EventName-801,CONFIRMED,2015-08-14 10:11:35,2015-08-14 10:11:35,event description-801,1,notes-801,PostingId-801,2015-08-14 10:11:35,UpdateOrgin-801,2015-08-14 10:11:35,CreateOrgin-801,11
1e17c7b2-048c-4099-935a-85a501b923fc,marking-802,12ca9536-4f1e-49b9-b41d-ed6ed96b925c,MANEUVER,EventName-802,CONFIRMED,2015-08-14 10:11:35,2015-08-14 10:11:35,event description-802,1,notes-802,PostingId-802,2015-08-14 10:11:35,UpdateOrgin-802,2015-08-14 10:11:35,CreateOrgin-802,11
d5a68adc-e2d5-4486-8a5a-b89dd36c4c18,marking-803,abe6b901-782f-4c0b-9c3b-ffd714dcde67,MANEUVER,EventName-803,CONFIRMED,2015-08-14 10:11:35,2015-08-14 10:11:35,event description-803,1,notes-803,PostingId-803,2015-08-14 10:11:35,UpdateOrgin-803,2015-08-14 10:11:35,CreateOrgin-803,11
5988b66e-1c74-4603-b24a-801594803ef4,marking-804,8903494e-963b-47ec-9405-a18a482ffbad,MANEUVER,EventName-804,CONFIRMED,2015-08-14 10:11:35,2015-08-14 10:11:35,event description-804,1,notes-804,PostingId-804,2015-08-14 10:11:35,UpdateOrgin-804,2015-08-14 10:11:35,CreateOrgin-804,11
37159936-059e-4e03-b02d-8f403c29bb24,marking-805,545b3564-d5c0-4e67-a711-0b68ef5545a0,MANEUVER,EventName-805,CONFIRMED,2015-08-14 10:11:35,2015-08-14 10:11:35,event description-805,1,notes-805,PostingId-805,2015-08-14 10:11:35,UpdateOrgin-805,2015-08-14 10:11:35,CreateOrgin-805,11
3873e8c1-1aa3-4c65-ba45-9e7ccbc09fd4,marking-806,8463cc97-7413-414d-b173-138e116d984b,MANEUVER,EventName-806,CONFIRMED,2015-08-14 10:11:35,2015-08-14 10:11:35,event description-806,1,notes-806,PostingId-806,2015-08-14 10:11:35,UpdateOrgin-806,2015-08-14 10:11:35,CreateOrgin-806,11
a24ba1c9-56a7-430e-b025-0827976cafd9,marking-807,00e7829d-d8d1-4827-9268-51a8bf5a83f8,MANEUVER,EventName-807,CONFIRMED,2015-08-14 10:11:35,2015-08-14 10:11:35,event description-807,1,notes-807,PostingId-807,2015-08-14 10:11:35,UpdateOrgin-807,2015-08-14 10:11:35,CreateOrgin-807,11
3df4aecd-a3db-4886-b803-105c8f46f278,marking-808,7a55cc77-1fcb-4a5d-97c0-581ceba45fa9,MANEUVER,EventName-808,CONFIRMED,2015-08-14 10:11:35,2015-08-14 10:11:35,event description-808,1,notes-808,PostingId-808,2015-08-14 10:11:35,UpdateOrgin-808,2015-08-14 10:11:35,CreateOrgin-808,11
253d3792-4999-4130-b22f-3ef2dff0e446,marking-809,1d5ab614-0c4c-4163-8a8c-405f370949ea,MANEUVER,EventName-809,CONFIRMED,2015-08-14 10:11:35,2015-08-14 10:11:35,event description-809,1,notes-809,PostingId-809,2015-08-14 10:11:35,UpdateOrgin-809,2015-08-14 10:11:35,CreateOrgin-809,11
468ee28c-5682-4fb3-92b3-371f9f505fcf,marking-810,033e8004-8920-47d8-8c45-8e4888f0c435,MANEUVER,EventName-810,CONFIRMED,2015-08-14 10:11:35,2015-08-14 10:11:35,event description-810,1,notes-810,PostingId-810,2015-08-14 10:11:35,UpdateOrgin-810,2015-08-14 10:11:35,CreateOrgin-810,11
0a9074e9-103c-4317-bf4c-8a7bda5ac133,marking-811,196d714b-0d60-4189-a299-4e4a05d2d831,MANEUVER,EventName-811,CONFIRMED,2015-08-14 10:11:35,2015-08-14 10:11:35,event description-811,1,notes-811,PostingId-811,2015-08-14 10:11:35,UpdateOrgin-811,2015-08-14 10:11:35,CreateOrgin-811,11
6433cfca-9f39-4225-a80c-d3c02698801a,marking-812,3e874927-19c2-4b50-a409-80a0fa88c8b7,MANEUVER,EventName-812,CONFIRMED,2015-08-14 10:11:35,2015-08-14 10:11:35,event description-812,1,notes-812,PostingId-812,2015-08-14 10:11:35,UpdateOrgin-812,2015-08-14 10:11:35,CreateOrgin-812,11
a04723f5-38e1-48c5-b6eb-236577f8e876,marking-813,c26710fa-85e7-4df4-a85d-93904c58ba6b,MANEUVER,EventName-813,CONFIRMED,2015-08-14 10:11:35,2015-08-14 10:11:35,event description-813,1,notes-813,PostingId-813,2015-08-14 10:11:35,UpdateOrgin-813,2015-08-14 10:11:35,CreateOrgin-813,11
8a190246-6ab8-4825-8002-64c44f778e29,marking-814,749b3ae9-6148-44dc-acac-1728f186ff05,MANEUVER,EventName-814,CONFIRMED,2015-08-14 10:11:35,2015-08-14 10:11:35,event description-814,1,notes-814,PostingId-814,2015-08-14 10:11:35,UpdateOrgin-814,2015-08-14 10:11:35,CreateOrgin-814,11
32abe9ff-4f42-4b42-8078-1bcac313c855,marking-815,fc70adea-7024-4e4e-8b2e-86a12864b7f5,MANEUVER,EventName-815,CONFIRMED,2015-08-14 10:11:35,2015-08-14 10:11:35,event description-815,1,notes-815,PostingId-815,2015-08-14 10:11:35,UpdateOrgin-815,2015-08-14 10:11:35,CreateOrgin-815,11
349c8911-eee7-4e75-9de4-3f1072b96ccb,marking-816,6c61ab91-01c4-4de2-af01-fec9891cbd13,MANEUVER,EventName-816,CONFIRMED,2015-08-14 10:11:35,2015-08-14 10:11:35,event description-816,1,notes-816,PostingId-816,2015-08-14 10:11:35,UpdateOrgin-816,2015-08-14 10:11:35,CreateOrgin-816,11
7d46ce1d-9ab0-4ab1-b421-a7de9e7986bd,marking-817,9a64ea15-becc-40e4-8bf6-767f0957a84c,MANEUVER,EventName-817,CONFIRMED,2015-08-14 10:11:35,2015-08-14 10:11:35,event description-817,1,notes-817,PostingId-817,2015-08-14 10:11:35,UpdateOrgin-817,2015-08-14 10:11:35,CreateOrgin-817,11
b50a9d31-5578-427a-b2a9-e72d1aa80542,marking-818,487025ba-a7c5-43f1-a1d2-1187ded7995b,MANEUVER,EventName-818,CONFIRMED,2015-08-14 10:11:35,2015-08-14 10:11:35,event description-818,1,notes-818,PostingId-818,2015-08-14 10:11:35,UpdateOrgin-818,2015-08-14 10:11:35,CreateOrgin-818,11
e6cefdcd-aada-45fe-a4ad-11ea82b52c47,marking-819,10177abd-239d-4daf-a845-c542c155b3ac,MANEUVER,EventName-819,CONFIRMED,2015-08-14 10:11:35,2015-08-14 10:11:35,event description-819,1,notes-819,PostingId-819,2015-08-14 10:11:35,UpdateOrgin-819,2015-08-14 10:11:35,CreateOrgin-819,11
0d0fd855-893c-4adc-9969-5b64f9f52895,marking-820,64717f03-bfab-467c-a29d-4746522f3eef,MANEUVER,EventName-820,CONFIRMED,2015-08-14 10:11:35,2015-08-14 10:11:35,event description-820,1,notes-820,PostingId-820,2015-08-14 10:11:35,UpdateOrgin-820,2015-08-14 10:11:35,CreateOrgin-820,11
2f92dea6-7ea7-4033-8a5e-953a444b1fb5,marking-821,afd69699-5f92-47ee-bbf6-02f188f56229,MANEUVER,EventName-821,CONFIRMED,2015-08-14 10:11:35,2015-08-14 10:11:35,event description-821,1,notes-821,PostingId-821,2015-08-14 10:11:35,UpdateOrgin-821,2015-08-14 10:11:35,CreateOrgin-821,11
f0857431-073e-4ec2-b45e-4bde82e73b22,marking-822,9bd82a34-dac7-4239-958c-8be103908d03,MANEUVER,EventName-822,CONFIRMED,2015-08-14 10:11:35,2015-08-14 10:11:35,event description-822,1,notes-822,PostingId-822,2015-08-14 10:11:35,UpdateOrgin-822,2015-08-14 10:11:35,CreateOrgin-822,11
f65099c0-93f7-41c7-9f3a-ceba83aa2663,marking-823,27c287e1-9cc2-43ee-979c-d79db0ad91de,MANEUVER,EventName-823,CONFIRMED,2015-08-14 10:11:35,2015-08-14 10:11:35,event description-823,1,notes-823,PostingId-823,2015-08-14 10:11:35,UpdateOrgin-823,2015-08-14 10:11:35,CreateOrgin-823,11
1d0c22b9-3f78-43fb-b8cc-314a0b5220fc,marking-824,d9882b74-747c-4397-b16f-94e5dd24cc71,MANEUVER,EventName-824,CONFIRMED,2015-08-14 10:11:35,2015-08-14 10:11:35,event description-824,1,notes-824,PostingId-824,2015-08-14 10:11:35,UpdateOrgin-824,2015-08-14 10:11:35,CreateOrgin-824,11
1a83f5a0-4eff-44df-be10-94a5195e6c02,marking-825,73bb652c-ff3b-455f-b79f-b1cb4346b9d9,MANEUVER,EventName-825,CONFIRMED,2015-08-14 10:11:35,2015-08-14 10:11:35,event description-825,1,notes-825,PostingId-825,2015-08-14 10:11:35,UpdateOrgin-825,2015-08-14 10:11:35,CreateOrgin-825,11
e7c714b8-5201-4820-a45e-a499f11e61b5,marking-826,cdcdcac2-d41f-4c22-8374-530dff8a7a44,MANEUVER,EventName-826,CONFIRMED,2015-08-14 10:11:35,2015-08-14 10:11:35,event description-826,1,notes-826,PostingId-826,2015-08-14 10:11:35,UpdateOrgin-826,2015-08-14 10:11:35,CreateOrgin-826,11
f866bf39-2ae8-4c9e-8665-07a2bf1a96e1,marking-827,6ffa933f-1488-40ee-bfe6-1fb1b8c14aee,MANEUVER,EventName-827,CONFIRMED,2015-08-14 10:11:35,2015-08-14 10:11:35,event description-827,1,notes-827,PostingId-827,2015-08-14 10:11:35,UpdateOrgin-827,2015-08-14 10:11:35,CreateOrgin-827,11
54300839-cdb9-4527-ae2f-9b05830c5c2d,marking-828,9eba7e84-7887-48d3-b6d4-79ed351b12de,MANEUVER,EventName-828,CONFIRMED,2015-08-14 10:11:35,2015-08-14 10:11:35,event description-828,1,notes-828,PostingId-828,2015-08-14 10:11:35,UpdateOrgin-828,2015-08-14 10:11:35,CreateOrgin-828,11
42bb6f72-e929-41e7-af4a-f46420b49d28,marking-829,2780093c-f7b5-4269-a784-4bfc8f5d0217,MANEUVER,EventName-829,CONFIRMED,2015-08-14 10:11:35,2015-08-14 10:11:35,event description-829,1,notes-829,PostingId-829,2015-08-14 10:11:35,UpdateOrgin-829,2015-08-14 10:11:35,CreateOrgin-829,11
ff2b269e-6f5c-47f8-a4f5-fd52d25c7620,marking-830,3c6f8ade-f426-4eeb-b358-09262600aaf7,MANEUVER,EventName-830,CONFIRMED,2015-08-14 10:11:35,2015-08-14 10:11:35,event description-830,1,notes-830,PostingId-830,2015-08-14 10:11:35,UpdateOrgin-830,2015-08-14 10:11:35,CreateOrgin-830,11
a684097c-fdbd-4ef8-9ef5-4fae8a73a0fb,marking-831,908de3fc-abf1-4ca7-b3b4-7bcf1b4983ae,MANEUVER,EventName-831,CONFIRMED,2015-08-14 10:11:35,2015-08-14 10:11:35,event description-831,1,notes-831,PostingId-831,2015-08-14 10:11:35,UpdateOrgin-831,2015-08-14 10:11:35,CreateOrgin-831,11
f6c98748-3148-4152-bc2c-0d92b61a2476,marking-832,d11e3214-f9f8-48e5-a7ff-14568b316b47,MANEUVER,EventName-832,CONFIRMED,2015-08-14 10:11:35,2015-08-14 10:11:35,event description-832,1,notes-832,PostingId-832,2015-08-14 10:11:35,UpdateOrgin-832,2015-08-14 10:11:35,CreateOrgin-832,11
7528fa3a-1e2a-4f34-8be2-0c8ea400195a,marking-833,39af1fd1-4b39-463f-b85a-0e65bb54cfcb,MANEUVER,EventName-833,CONFIRMED,2015-08-14 10:11:35,2015-08-14 10:11:35,event description-833,1,notes-833,PostingId-833,2015-08-14 10:11:35,UpdateOrgin-833,2015-08-14 10:11:35,CreateOrgin-833,11
f82198fd-562d-47b4-af6a-279a0be11c11,marking-834,a506f802-8244-4777-9a93-58dbb03998eb,MANEUVER,EventName-834,CONFIRMED,2015-08-14 10:11:35,2015-08-14 10:11:35,event description-834,1,notes-834,PostingId-834,2015-08-14 10:11:35,UpdateOrgin-834,2015-08-14 10:11:35,CreateOrgin-834,11
ab65021d-d49a-4b76-8cec-8f61c2c58af9,marking-835,f46c760c-9425-4902-8bd9-641613115eca,MANEUVER,EventName-835,CONFIRMED,2015-08-14 10:11:35,2015-08-14 10:11:35,event description-835,1,notes-835,PostingId-835,2015-08-14 10:11:35,UpdateOrgin-835,2015-08-14 10:11:35,CreateOrgin-835,11
f4867a3c-a87e-492e-811a-142de4ac0358,marking-836,8bc2b409-d38a-4673-a005-3766c2dc8921,MANEUVER,EventName-836,CONFIRMED,2015-08-14 10:11:35,2015-08-14 10:11:35,event description-836,1,notes-836,PostingId-836,2015-08-14 10:11:35,UpdateOrgin-836,2015-08-14 10:11:35,CreateOrgin-836,11
232e1749-97bf-4e61-ba6c-95e2993bea97,marking-837,55b59439-53d4-4dc8-9a61-7f9e072c2d1e,MANEUVER,EventName-837,CONFIRMED,2015-08-14 10:11:35,2015-08-14 10:11:35,event description-837,1,notes-837,PostingId-837,2015-08-14 10:11:35,UpdateOrgin-837,2015-08-14 10:11:35,CreateOrgin-837,11
5e647e97-3d2d-419e-999c-39ce2f3f49ea,marking-838,8042c150-5b7d-473f-b513-f43aa3f059ca,MANEUVER,EventName-838,CONFIRMED,2015-08-14 10:11:35,2015-08-14 10:11:35,event description-838,1,notes-838,PostingId-838,2015-08-14 10:11:35,UpdateOrgin-838,2015-08-14 10:11:35,CreateOrgin-838,11
75c03d39-21c0-457e-a204-3c443a68df07,marking-839,eccd35b5-b621-4e9f-95e6-f83e352c086c,MANEUVER,EventName-839,CONFIRMED,2015-08-14 10:11:35,2015-08-14 10:11:35,event description-839,1,notes-839,PostingId-839,2015-08-14 10:11:35,UpdateOrgin-839,2015-08-14 10:11:35,CreateOrgin-839,11
0e6dda61-41d0-47a3-82d9-b58ff8d805c1,marking-840,cb765413-8e97-40cd-a5c5-1bad6996037b,MANEUVER,EventName-840,CONFIRMED,2015-08-14 10:11:35,2015-08-14 10:11:35,event description-840,1,notes-840,PostingId-840,2015-08-14 10:11:35,UpdateOrgin-840,2015-08-14 10:11:35,CreateOrgin-840,11
145e0ee0-e8e3-4e58-8460-bd54819d7df1,marking-841,3bb184d0-1140-4cd1-b3d9-08e396ff40da,MANEUVER,EventName-841,CONFIRMED,2015-08-14 10:11:35,2015-08-14 10:11:35,event description-841,1,notes-841,PostingId-841,2015-08-14 10:11:35,UpdateOrgin-841,2015-08-14 10:11:35,CreateOrgin-841,11
d06398f9-dd1e-4b4a-a107-109c16015f61,marking-842,7f6f4165-93b8-466d-a9cd-9b997bf5ca67,MANEUVER,EventName-842,CONFIRMED,2015-08-14 10:11:35,2015-08-14 10:11:35,event description-842,1,notes-842,PostingId-842,2015-08-14 10:11:35,UpdateOrgin-842,2015-08-14 10:11:35,CreateOrgin-842,11
b0ba5286-3998-459c-84c1-4f84e0d8ae90,marking-843,959da572-0128-4471-b6d8-5548823fb54e,MANEUVER,EventName-843,CONFIRMED,2015-08-14 10:11:35,2015-08-14 10:11:35,event description-843,1,notes-843,PostingId-843,2015-08-14 10:11:35,UpdateOrgin-843,2015-08-14 10:11:35,CreateOrgin-843,11
6f20075c-ce5f-4f45-89df-08d3fc8271c6,marking-844,bb2b7ccb-d8ae-4e7d-b9e8-d45ec82d6cc2,MANEUVER,EventName-844,CONFIRMED,2015-08-14 10:11:35,2015-08-14 10:11:35,event description-844,1,notes-844,PostingId-844,2015-08-14 10:11:35,UpdateOrgin-844,2015-08-14 10:11:35,CreateOrgin-844,11
8078a661-a8a3-4663-868d-5dd635e32ce5,marking-845,dfabbd0c-daa8-4272-8909-ed26c8711bbc,MANEUVER,EventName-845,CONFIRMED,2015-08-14 10:11:35,2015-08-14 10:11:35,event description-845,1,notes-845,PostingId-845,2015-08-14 10:11:35,UpdateOrgin-845,2015-08-14 10:11:35,CreateOrgin-845,11
3715a18d-b42b-4d66-9004-5986c682ec96,marking-846,aeb8b134-a3dd-4c37-a650-3960c3fc3e87,MANEUVER,EventName-846,CONFIRMED,2015-08-14 10:11:35,2015-08-14 10:11:35,event description-846,1,notes-846,PostingId-846,2015-08-14 10:11:35,UpdateOrgin-846,2015-08-14 10:11:35,CreateOrgin-846,11
5d421661-af5f-4bce-8b90-36c20abf9456,marking-847,deeea9b3-f8bf-4a35-a34d-d5e768079e48,MANEUVER,EventName-847,CONFIRMED,2015-08-14 10:11:35,2015-08-14 10:11:35,event description-847,1,notes-847,PostingId-847,2015-08-14 10:11:35,UpdateOrgin-847,2015-08-14 10:11:35,CreateOrgin-847,11
6ccaa673-a273-4a88-a89e-86db1ad0aaf4,marking-848,b09b3c08-580f-4828-b958-1dce5d31f1c0,MANEUVER,EventName-848,CONFIRMED,2015-08-14 10:11:35,2015-08-14 10:11:35,event description-848,1,notes-848,PostingId-848,2015-08-14 10:11:35,UpdateOrgin-848,2015-08-14 10:11:35,CreateOrgin-848,11
09fe44fd-6129-409c-92f5-d793f7977ad9,marking-849,013288c1-6914-4c44-82a7-58380a0c854a,MANEUVER,EventName-849,CONFIRMED,2015-08-14 10:11:35,2015-08-14 10:11:35,event description-849,1,notes-849,PostingId-849,2015-08-14 10:11:35,UpdateOrgin-849,2015-08-14 10:11:35,CreateOrgin-849,11
5f3b98a8-c952-4655-baa9-8ac2b838b4ce,marking-850,2326b3d9-ea90-4294-8b26-a12e72a4fb4b,MANEUVER,EventName-850,CONFIRMED,2015-08-14 10:11:35,2015-08-14 10:11:35,event description-850,1,notes-850,PostingId-850,2015-08-14 10:11:35,UpdateOrgin-850,2015-08-14 10:11:35,CreateOrgin-850,11
